name,grams,kcal
"Geitmelk, langtidsholdbar",100,61
"Helmelk, 3,5 % fett, laktosefri",100,57
"Helmelk, 3,5 % fett, Tine",100,63
"Helmelk, 3,9 % fett, Q-meieriene",100,67
"Helmelk, 4,1 % fett, økologisk",100,68
"Helmelk, uspesifisert",100,64
"Kaffemelk, 3,5 % fett",100,62
"Kakao, med lettmelk, tilberedt",100,87
"Lettmelk, 0,5 % fett, vitamin D, laktosefri",100,31
"Lettmelk, 0,5 % fett, vitamin D, Q-meieriene",100,37
"Lettmelk, 0,5-0,7 % fett, vitamin D, uspesifisert",100,38
"Lettmelk, 0,7 % fett, vitamin D, Tine",100,38
"Lettmelk, 0,7 % fett, økologisk",100,39
"Lettmelk, 1,0 % fett, laktosefri",100,35
"Lettmelk, 1,0 % fett, laktoseredusert",100,41
"Lettmelk, 1,0 % fett, Q-meieriene",100,41
"Lettmelk, 1,0 % fett, Tine",100,41
"Lettmelk, 1,2 % fett, langtidsholdbar",100,43
"Lettmelk, 1,2 % fett, økologisk",100,43
"Lettmelk, 1-1,2 % fett, uspesifisert",100,43
"Lettmelk, kakao, vitamin D, skolemelk",100,43
"Lettmelk, uspesifisert",100,41
"Melk, uspesifisert",100,45
"Milkshake, jordbærsmak",100,71
"Milkshake, sjokoladesmak",100,79
"Sjokolademelk, av pulver og lettmelk",100,70
"Sjokolademelk, laktosefri, uten tilsatt sukker, Litago Uten",100,47
"Sjokolademelk, laktoseredusert, Litago",100,47
"Sjokolademelk, Sjokomelk",100,59
"Sjokolademelk, Styrk Kakao",100,46
"Skummet melk, Styrk",100,40
"Skummet melk, Tine",100,33
"Syrnet melk, blåbær, laktosefri, Biola",100,51
"Syrnet melk, blåbær, mager, Biola",100,50
"Syrnet melk, blåbær/bringebær, BioQ",100,56
"Syrnet melk, bringebær, Biola",100,51
"Syrnet melk, jordbær, Biola",100,52
"Syrnet melk, Kulturmjølk",100,56
"Syrnet melk, naturell, Biola",100,41
"Syrnet melk, naturell, økologisk, Cultura",100,42
"Syrnet melk, rødbete/eple/lime, Biola",100,46
"Syrnet melk, Skumma Kulturmjølk",100,33
"Syrnet melk, økologisk, Kefir",100,56
,,
Yoghurt,,
"Skyr, med smak, kunstig søtet",100,58
"Skyr, naturell",100,74
"Yoghurt, Biola Mild",100,71
"Yoghurt, frukt, 0,1 % fett, lett, Yoplait",100,52
"Yoghurt, Gresk Sitron",100,80
"Yoghurt, jordbær",100,82
"Yoghurt, med müsli og skogsbær,  Go` Morgen",100,126
"Yoghurt, naturell",100,70
"Yoghurt, naturell, laktosefri",100,68
"Yoghurt, naturell, økologisk",100,70
"Yoghurt, vanilje, laktosefri",100,80
,,
"Fløte, rømme, fløteerstatning",,
"Crème Fraîche, 35 % fett",100,335
Dessert-topping på boks,100,260
"Husholdningshvitt, flytende",100,89
"Kaffefløte, 10 % fett",100,119
Kaffehvitt,100,107
"Kaffehvitt, pulver, Coffeemate",100,548
"Krem, pisket, på boks",100,326
"Kremfløte, 37 % fett",100,353
"Kremfløte, 37 % fett, laktosefri",100,354
"Kvarg, 1 % fett, Kesam",100,63
"Kvarg, 7 % fett, Kesam",100,105
"Lettrømme, 10 % fett",100,119
"Lettrømme, 18 % fett",100,188
"Lettrømme, 18 % fett, økologisk",100,188
"Matfløte, 18 % fett",100,188
"Matlagingsprodukt, av soya, 17 % fett",100,186
"Matlagingsprodukt, whipping",100,103
"Rømmedressing, med urter",100,136
"Seterrømme, 35 % fett",100,335
"Seterrømme, 35 % fett",100,335
,,
Ost,,
"Ost, ekstra fet",,
"Brie, hvitmuggost",100,360
"Cheddar, gulost",100,416
"Crème Chérie, mykost",100,335
"Geitost, hvit, Balsfjord",100,398
"Gorgonzola, blåmuggost",100,359
"Gruyere, ost",100,412
Gräddost,100,418
"Mascarpone, kremost",100,436
"Norzola, blåmuggost",100,383
Ridderost,100,422
"Roquefort, blåmuggost",100,355
"Royal Blue, blåmuggost",100,452
"Selbu blå, blåmuggost",100,420
"Selbu blå, blåmuggost, økologisk",100,411
"Stilton, blåmuggost",100,410
"Østavind, gulost",100,395
,,
"Ost, helfet",,
"Brunost, uspesifisert",100,437
"Camembert, hvitmuggost",100,328
"Chevre, geitost, naturell",100,316
"Edamer, gulost",100,355
"Feta, ost med geitmelk",100,250
"Fløtemysost, brunost",100,422
"Geitost, brunost",100,439
"Geitost, hvit, Snøfrisk",100,391
"Geitost, smørbar, dill, Snøfrisk",100,238
"Geitost, smørbar, kantarell, Snøfrisk",100,239
"Geitost, smørbar, naturell, Snøfrisk",100,259
"Geitost, smørbar, rødløk og timian, Snøfrisk",100,239
"Gudbrandsdalsost, brunost",100,432
"Gulost, uspesifisert",100,348
"Halloumi, ost",100,290
"Jarlsberg, gulost",100,351
"Kremost, krydder",100,277
"Kremost, naturell",100,277
"Kremost, pepper",100,277
"Kremost, Philadelphia",100,281
"Kremost, urter",100,277
Mozzarella,100,317
"Normanna, blåmuggost",100,336
"Norvegia, gulost",100,351
"Norvegia, gulost, fyldig",100,370
"Norvegia, gulost, vellagret",100,360
"Norvegia, gulost, økologisk",100,351
Nøkkelost,100,351
"Parmesan, ost",100,416
"Pizzaost, revet",100,355
"Port Salut, kittmodnet ost",100,321
"Raclette, ost",100,357
"Sveitserost, gulost",100,364
"Taffelost, tomat",100,313
Ystet produkt med vegetabilsk fett,100,366
,,
"Ost, halvfet, mager",,
"Baconost, smørbar",100,213
Cottage Cheese,100,97
"Fløtemysost, brunost, lettere",100,368
Gamalost,100,221
"Gomme, Namdal",100,288
"Gudbrandsdalsost, brunost, lettere",100,360
"Jarlsberg, gulost, lettere",100,268
"Kremost, mager, Philadelphia",100,189
"Magerost, smørbar, 10 % fett",100,162
"Magerost, smørbar, 3 % fett",100,100
"Magerost, smørbar, 7 % fett",100,130
"Mozzarella, lettere",100,266
"Norvegia, gulost, lettere",100,268
"Nøkkelost, lettere",100,272
Prim,100,267
"Prim, mager",100,244
"Prim, med jern, Sprett",100,272
"Pultost, Hedemark",100,169
"Pultost, Løiten",100,126
"Ricotta, ferskost",100,163
,,
Egg,,
"Egg, rå",,
"Egg, rå",88,149
"Egg, økologisk, rå",88,146
Eggedosis,100,207
Eggehvite,100,42
Eggeplomme,100,321
,,
"Egg, tilberedt",,
"Egg, kokt",88,143
"Egg, stekt i fett",100,211
"Egg, økologisk, kokt",88,143
"Egg, økologisk, stekt",100,205
"Eggerøre, stekt i fett",100,234
"Eggerøre, stekt uten fett",100,159
"Omelett, stekt i fett",100,184
"Omelett, stekt uten fett",100,162
,,
Fjørfe og kjøtt,,
Fjørfe,,
"Fjørfe, rå",,
"And, kjøtt med skinn, rå",100,388
"And, kjøtt uten skinn, rå",100,132
"Gås, kjøtt med skinn, rå",100,366
"Gås, kjøtt uten skinn, rå",100,155
"Høne, bryst, filet, uten skinn, rå",100,106
"Høne, kjøtt med skinn, rå",100,264
"Høne, kjøtt uten skinn, rå",100,141
"Kalkun, bryst, filet, uten skinn, rå",100,114
"Kalkun, kjøtt med skinn, rå",100,133
"Kalkun, kjøtt uten skinn, rå",100,105
"Kylling, filet, uten skinn, rå",100,111
"Kylling, hel, med skinn, landkylling, rå",71,179
"Kylling, hel, med skinn, rå",71,182
"Kylling, hel, uten skinn, rå",66,107
"Kylling, lår (overlår og lårklubbe), med skinn, rå",78,171
"Kylling, lår (overlår og lårklubbe), uten skinn, rå",74,131
"Kylling, lårklubbe (underlår), med skinn, rå",69,149
"Kylling, lårklubbe (underlår), uten skinn, rå",66,114
"Kylling, overlår (lår uten lårklubbe), med skinn, rå",85,194
"Kylling, overlår (lår uten lårklubbe), uten skinn,  rå",82,147
"Kyllingskinn, rå",100,383
"Rype, bryst, uten skinn, rå",100,122
,,
"Fjørfe, tilberedt",,
"And, kjøtt med skinn, ovnsstekt",100,517
"And, kjøtt uten skinn, ovnsstekt",100,176
"Gås, kjøtt med skinn, ovnsstekt",100,488
"Gås, kjøtt uten skinn, ovnsstekt",100,207
"Høne, filet, kokt",100,154
"Høne, kjøtt med skinn, kokt",100,382
"Kalkun, brystfilet, uten skinn, ovnsstekt",100,143
"Kalkun, kjøtt med skinn, ovnsstekt",100,177
"Kalkun, kjøtt uten skinn, ovnsstekt",100,131
"Kylling, filet, kokt",100,160
"Kylling, filet, stekt i fett",100,156
"Kylling, hel, med skinn, landkylling, ovnsstekt",M,224
"Kylling, hel, med skinn, ovnsstekt",73,206
"Kylling, hel, uten skinn, ovnsstekt",70,132
"Kylling, lår (overlår og lårklubbe), med skinn, ovnsstekt",77,235
"Kylling, lår (overlår og lårklubbe), uten skinn, ovnsstekt",74,184
"Kylling, lårklubbe (underlår), med skinn, ovnsstekt",68,207
"Kylling, lårklubbe (underlår), uten skinn, ovnsstekt",65,161
"Kylling, overlår (lår uten lårklubbe), med skinn, ovnsstekt",85,263
"Kylling, overlår (lår uten lårklubbe), uten skinn, ovnsstekt",82,201
"Rype, bryst uten skinn, ovnsstekt",100,174
,,
"Lam, får",,
"Lam, får, rå",,
Fenalår,100,263
"Lam, bogstek, rå",98,187
"Lam, fett fra lammekjøtt, rå",100,702
"Lam, flatbiff, rå",100,104
"Lam, fårikålkjøtt, rå",80,230
"Lam, grytekjøtt, rå",98,192
"Lam, indrefilet, rå",100,116
"Lam, kotelett og sadel, kjøtt med fettrand, rå",73,257
"Lam, kotelett og sadel, kjøtt uten fettrand, rå",58,145
"Lam, lår med mørbrad, rå",79,181
"Lam, lår, stek, rå",98,162
"Lam, ribbe, side med ben, rå",87,285
"Lam, sadel, rå",79,227
"Lam, ytrefilet, rå",100,120
Lammerull,100,251
"Pinnekjøtt, råvare",77,452
"Sau, fårekjøtt, lettsaltet, rå",83,371
,,
"Lam, får, tilberedt",,
"Lam, kotelett, stekt",72,303
"Lam, lårstek med mørbrad, ovnsstekt",100,231
,,
"Storfe, kalv",,
"Storfe, kalv, rå",,
"Kalv, koteletter, rå",73,117
"Kalv, stek, rå",79,107
"Storfe, bankekjøtt, rå",100,124
"Storfe, bibringe, rå",79,209
"Storfe, bog, uten knoke, rå",83,160
"Storfe, bogstek, rå",100,120
"Storfe, entrecôte, synlig fett skåret vekk, rå",84,141
"Storfe, entrecôtekam, rå",78,200
"Storfe, fett fra storfekjøtt, rå",100,732
"Storfe, filetkam, rå",79,165
"Storfe, flatbiff, rå",100,105
"Storfe, høyrygg, rå",80,162
"Storfe, indrefilet, rå",100,118
"Storfe, kam, rå",100,162
"Storfe, kotelettkam, rå",75,170
"Storfe, mørbrad, rå",100,109
"Storfe, rundstek, rå",100,107
"Storfe, ytrefilet, rå",100,109
,,
"Storfe, kalv, tilberedt",,
"Bankekjøtt, salt",100,102
"Storfe, entrecôtekam, stekt",71,267
"Storfe, kjøtt, kokt",100,229
"Storfe, stek, roastbiff, rosa stekt",100,151
"Storfe, ytrefilet, stekt",100,124
,,
Svin,,
"Svin, rå",,
"Svin, 70 % skinke, 30 % flatbiff, strimlet, rå",100,122
"Svin, bacon med svor, rå",100,339
"Svin, bogstek, kjøtt uten fettrand, rå",86,144
"Svin, bogstek, med fettrand, rå",100,220
"Svin, familieribbe, rå",86,328
"Svin, fettrand, rå",100,741
"Svin, flatbiff, rå",100,103
"Svin, grillben, rå",51,247
"Svin, indrefilet, rå",100,116
"Svin, kjøtt fra knoke, rå",51,151
"Svin, kotelett, kam, svinekotelett, uten fettrand, rå",67,168
"Svin, kotelett, kam, svinekoteletter, inntil 5 mm fettrand, rå",77,243
"Svin, midtribbe, med kam og svor, rå",86,328
"Svin, mørbrad, rå",79,215
"Svin, nakkekoteletter, rå",83,225
"Svin, sideflesk, lettsaltet, rå",100,301
"Svin, sideflesk, uten ben, rå",93,384
"Svin, skinke, med knoke, rå",86,219
"Svin, skinkestek med fettrand, uten svor, rå",100,221
"Svin, skinkestek, rå",85,130
"Svin, tynnribbe, med svor, rå",87,371
"Svin, ytrefilet, rå",100,110
,,
"Svin, tilberedt",,
"Svin, bacon med svor, stekt",100,452
"Svin, familieribbe, stekt",80,468
"Svin, flatbiff, stekt",100,138
"Svin, koteletter, kam med fettrand, stekt",79,348
"Svin, koteletter, kam uten fettrand, stekt",57,240
"Svin, nakkekoteletter, stekt",77,321
"Svin, sideflesk, lettsaltet, stekt",100,451
"Svin, stek uten fettrand, ovnsstekt",100,186
"Svin, stek, med fettrand, ovnsstekt",100,313
,,
Diverse kjøttprodukter,,
"Diverse kjøtt, farse, innmat, rå",,
"Blod, okse, rå",100,77
"Elg, ytterlår, stek, rå",100,100
"Hamburger, rå",100,167
"Hare, kjøtt, rå",100,129
"Hjerte, rå",82,107
"Hjort, stek, rå",100,98
"Hval, kjøtt, rå",100,120
"Kanin, kjøtt, rå",100,124
"Karbonadedeig, rå",100,103
"Karbonadedeig, stekt uten fett",100,193
"Kjøttdeig, kylling, rå",100,145
"Kjøttdeig, storfe, med salt og vann, rå",100,185
"Kjøttdeig, storfe, stekt uten fett",100,288
"Kjøttdeig, storfe, uten salt og vann, rå",100,196
"Kjøttdeig, svin, rå",100,144
"Kjøttdeig, svin, stekt uten fett",100,202
"Kjøttfarse, rå",100,165
"Lever, kylling, rå",100,113
"Lever, lam, rå",100,128
"Lever, rein, rå",94,128
"Lever, storfe, rå",100,124
"Lever, svin, rå",100,120
"Medisterdeig, rå",100,206
"Reinsdyr, bog, stek, rå",100,118
"Rådyr, kjøtt, rå",100,95
"Villsvin, kjøtt, rå",100,105
"Wienersnitzel, rå",100,244
,,
"Diverse kjøtt, farse, innmat, tilberedt",,
Blodpudding,100,369
"Bogskinke, hermetisk",100,135
"Elg, stek, ovnsstekt",100,143
"Lungemos, kjøpt",100,120
"Reinsdyr, kjøtt, røkt",100,114
"Reinsdyr, kjøtt, tørket, rå",100,318
"Reinsdyrskav, fryst, rå",100,145
,,
"Lam, storfe, svin, tilberedt",,
Pølser,,
"Chorizo, pølse",100,360
Falukorv,100,257
Fleskepølse,100,366
Fårepølse,100,339
Grillpølse,100,217
"Grillpølse, Gilde",100,197
"Grillpølse, kalkun og kylling",100,175
"Grillpølse, kalkun og kylling, Prior",100,162
"Grillpølse, kalkun og kylling, Solvinge",100,187
"Grillpølse, med mindre fett, Gilde",100,164
"Grillpølse, Nordfjord",100,243
"Grillpølse, X-tra",100,210
"Kjøttpølse, Gilde",100,204
"Kjøttpølse, med mindre fett",100,191
"Kjøttpølse, Nordfjord",100,199
"Kjøttpølse, røkt/urøkt",100,201
Knakkpølse,100,256
"Kylling- og kalkunpølse, med mindre fett",100,168
"Kylling- og kalkunpølse, med ost",100,201
"Medisterpølse, røkt/urøkt, kokt",100,265
"Ostegrill, ostewiener",100,245
Reinsdyrpølse,100,426
"Salsiccia, italiensk pølse",100,271
"Sosisser, små pølser",100,258
Wienerpølse,100,211
"Wienerpølse, Finsbråten",100,201
"Wienerpølse, Gilde",100,215
"Wienerpølse, kalkun og kylling, Prior",100,144
"Wienerpølse, med mindre fett, Gilde",100,135
"Wienerpølse, X-tra",100,216
,,
Kjøttprodukter og kjøttpålegg,,
"Bayonneskinke, kokt",100,228
"Kalkunfilet, naturell/røkt",100,88
"Kalkunrull, krydderskinke",100,100
Kalverull,100,144
Karbonader,100,195
"Karbonader, First Price",100,207
"Karbonader, Gilde",100,128
"Karbonader, okse, rå",100,206
"Karbonader, Prima",100,196
"Karbonader, X-tra",100,247
Kjøttboller,100,202
"Kjøttboller, First Price",100,188
"Kjøttboller, hermetisk",100,138
"Kjøttboller, kalkun og kylling, Prior",100,141
"Kjøttboller, kylling, Coop",100,211
"Kjøttboller, svenske, Coop",100,221
"Kjøttboller, svenske, Gilde",100,198
Kjøttkaker,100,177
"Kjøttkaker, Gilde",100,156
"Kjøttkaker, Nordfjord",100,198
"Kjøttpudding, stekt",100,194
Kokt skinke,100,95
"Kokt skinke, First Price",100,104
"Kokt skinke, Gilde",100,100
"Kokt skinke, Nordfjord",100,80
Kyllingpostei,100,134
"Kyllingpostei, hermetisk, Stabburet",100,130
"Kyllingpostei, ovnsbakt, Prior",100,139
"Leverpostei, hermetisk",100,257
"Leverpostei, hermetisk, First Price",100,278
"Leverpostei, hermetisk, Stabburet",100,237
"Leverpostei, ovnsbakt",100,231
"Leverpostei, ovnsbakt, Gilde",100,217
"Leverpostei, ovnsbakt, Mills",100,246
"Medisterkaker, stekt",100,321
Morrpølse,100,417
Okserull,100,166
"Reinsdyrkaker, hermetisk",100,151
"Ribberull, skiver",100,193
"Roastbiff, skiver",100,129
Salami,100,429
"Salami, dansk, First Price",100,507
"Salami, dansk, Tulip",100,498
"Salami, Gilde spesialsalami",100,298
"Salami, Grilstad jubelsalami",100,414
"Salami, mager, Gilde",100,167
Servelat,100,198
"Servelat, Folkets",100,197
"Servelat, mager, Gilde",100,145
"Servelat, Nordfjord",100,181
"Servelat, X-tra",100,216
"Skinkerull, Westfalerskinke",100,286
Spekeskinke,100,203
"Spekeskinke, Gilde",100,203
"Spekeskinke, Strandaskinke, Grilstad",100,202
Stabburpølse,100,475
"Svinekam, røkt",83,209
Sylte,100,304
,,
Retter med fjørfe og kjøtt,,
Biff stroganoff,100,245
"Cheeseburger, med brød, dressing mv, kjøpt",100,273
Chili con carne,100,103
Fårikål av lammekjøtt,100,113
"Hamburger, dobbel, med brød, dressing mv, kjøpt",100,248
"Hamburger, ekstra kjøtt, med brød, dressing mv, kjøpt",100,235
"Hamburger, enkel, med brød, dressing mv, kjøpt",100,255
"Kjøttboller, kalkun og kylling",100,176
"Kyllingburger, med brød, dressing mv, kjøpt",100,250
"Kyllinggryte, med tomat, løk, sopp",100,79
"Kyllingnuggets, fritert, dagligvare",100,269
"Kyllingnuggets, fritert, fastfood",100,241
Lammefrikassé,100,118
"Lapskaus, lys, storfekjøtt, 10 % fett",100,95
"Lasagne, med kjøttdeig",100,163
"Lasagne, med kjøttdeig, fryst, kjøpt",100,122
"Moussaka, med kjøttdeig",100,155
"Panetter, med kylling og ost",100,209
"Pasta bolognese, hjemmelaget",100,114
"Pasta med kalkun, ostesaus, fryst, kjøpt",100,101
"Pasta med kjøttsaus, bolognese, fryst, kjøpt",100,96
"Pytt i panne, stekte poteter med kjøtt og løk, fryst, kjøpt",100,141
"Sodd, med kjøttboller, hermetisk",100,45
,,
Fisk og skalldyr,,
Fisk og fiskeprodukter,,
Fet fisk,,
"Fet fisk, rå",,
"Blåkveite, rå/kaldrøkt",100,155
"Brisling, rå",M,208
"Havål, rå",80,119
"Kveite, hellefisk, oppdrett, rå",M,102
"Kveite, hellefisk, rå",80,123
"Kveite, hellefisk, skiver, røkt, rå",M,211
"Kveite, hellefisk, uspesifisert, rå",M,113
"Laks, oppdrett, rå",M,224
"Laks, vill, rå",65,182
"Makrell, mai-juni, rå",50,123
"Makrell, vill (høst), rå",M,293
"Pigghå, håbrann, rå",M,129
"Røye, rå",78,128
"Sild, fetsild, sommersild, rå",60,293
"Sild, storsild, vintersild, rå",60,187
"Ørret, oppdrett, rå",M,166
"Ørret, sjøørret, rå",55,110
"Ål, rå",80,362
,,
"Fet fisk, tilberedt",,
"Kveite, filet, melpanert, stekt i fett",100,198
"Kveite, skiver, kokt",M,146
"Laks, filet, gravet",100,179
"Laks, filet, ovnsstekt",100,243
"Laks, filet, stekt i panne",100,263
"Laks, oppdrett, skiver, kokt",M,266
"Laks, oppdrett, skiver, stekt i fett",M,314
"Laks, røkt",90,225
"Laks, vill, kokt",M,217
"Makrell, juli-sept (fet), kokt",M,349
"Makrell, juli-sept (fet), stekt i fett",M,393
"Makrell, kaldrøkt",80,242
"Makrell, mai-juni, kokt",M,146
"Makrell, mai-juni, stekt i fett",M,198
"Makrell, varmrøkt",80,295
"Røye, melpanert, stekt i fett",M,204
"Røye, stekt uten fett",M,151
"Sild, fetsild/sommersild, kokt",M,349
"Sild, fetsild/sommersild, melpanert, stekt i fett",M,402
"Sild, kryddersild",100,154
"Sild, røkt, bøkling",65,200
"Sild, storsild/vintersild, kokt",M,223
"Sild, storsild/vintersild, melpanert, stekt i fett",M,280
"Spekesild, utvannet",100,210
"Ørret, filet, røkt",90,142
"Ørret, oppdrett, kokt",M,197
"Ørret, oppdrett, skiver, melpanert, stekt i fett",M,247
"Ørret, sjøørret, kokt",M,130
"Ørret, sjøørret, melpanert, stekt i fett",M,182
"Ål, røkt",90,351
,,
Mager fisk,,
"Mager fisk, rå",,
"Alaska pollock, rå",M,72
"Blålange, rå",M,64
"Breiflabb, rå",34,64
"Brosme, rå",50,66
"Gjedde, rå",55,83
"Horngjel, rå",58,107
"Hvitting, rå",M,79
"Hyse, kolje, røkt, skiver, rå",65,81
"Hyse, kolje, rå",50,68
"Håbrann, rå",M,85
"Lange, rå",40,72
"Lomre, rå",50,67
"Lyr, rå",50,66
"Pangasius, rå",M,63
"Piggvar, rå",50,85
"Rødspette, rå",58,91
"Sei, rå",50,69
"Sik, rå",49,89
"Sjøtunge, rå",33,64
"Skate, rå",M,58
"Steinbit, rå",50,97
"Torsk, i skiver, rå",70,75
"Torsk, lettsaltet i skiver, rå",80,75
"Torsk, oppdrett, rå",M,84
"Torsk, uspesifisert, rå",45,81
"Torsk, vill, rå",45,81
"Tunfisk, makrellstørje, rå",58,105
"Uer, lettsaltet, rå",45,94
"Uer, rå",90,94
"Åbor, abbor, rå",45,85
,,
"Mager fisk, tilberedt",,
"Breiflabb, filet, kokt",100,83
"Hyse, kolje, kokt",M,89
"Hyse, kolje, røkt, skiver, kokt",M,106
"Klippfisk, saltet og tørket",75,271
"Lutefisk, kokt",M,71
"Lutefisk, tørr vare, rå",M,50
"Rødspette, filet, kavringpanert, rå",100,150
"Rødspette, filet, kavringpanert, stekt i fett",100,220
"Rødspette, filet, kokt",100,118
"Rødspette, filet, melpanert, stekt i fett",100,160
"Rødspette, fylt, forfritert, fryst",100,205
"Rødspette, panert, forfritert, fylt, ovnsstekt uten fett",100,216
"Rødspette, panert, forfritert, fylt, stekt i fett",100,262
"Sei, filet, kavringpanert, rå",100,135
"Sei, filet, kavringpanert, stekt i fett",100,174
"Sei, filet, melpanert, stekt i fett",100,132
"Sei, filet, melpanert, stekt i hard margarin",100,129
"Sei, filet, melpanert, stekt i myk margarin",100,125
"Sei, filet, melpanert, stekt i smør",100,130
"Sei, filet, melpanert, stekt i soyaolje",100,137
"Sei, kokt",M,89
"Sei, panert, fryst, First Price",100,189
"Sei, panert, fryst, kjøpt",100,182
"Sei, pankopanert, fryst, Lerøy",100,175
"Seibiff, melpanert, med forstekt løk, fryst, kjøpt",100,103
"Seibiff, melpanert, med forstekt løk, kjøpt, stekt i fett",100,151
"Steinbit, filet, melpanert, stekt i fett",100,159
"Steinbit, kokt",100,126
"Torsk, filet, kavringpanert, rå",100,143
"Torsk, filet, kavringpanert, stekt i fett",100,202
"Torsk, filet, kokt",100,106
"Torsk, filet, melpanert, stekt i fett",100,146
"Torsk, filet, ovnsstekt",100,113
"Torsk, filet, stekt i panne",100,113
"Torsk, forfritert, fylt, fryst",100,143
"Torsk, lettsaltet, kokt",M,98
"Torsk, panert, Findus Steketorsk",100,135
"Torsk, panert, forfritert, fylt, ovnsstekt uten fett",100,151
"Torsk, panert, forfritert, fylt, stekt i fett",100,201
"Torsk, panert, forfritert, ovnsstekt uten fett",100,151
"Torsk, panert, forfritert, stekt i fett",100,202
"Torsk, skiver, kokt",M,94
Tørrfisk,M,327
"Uer, kokt",100,121
"Uer, lettsaltet, skiver, kokt",M,121
,,
Fiskeprodukter og fiskepålegg,,
"Ansjos, hermetisk",100,216
"Brisling, i olje, avrent, hermetisk",100,261
"Brisling, i tomat, hermetisk",100,203
"Fiskeboller, avrent, hermetisk",100,60
"Fiskeboller, kjølevare",100,68
"Fiskeburger, panert, med brød, ost, saus, kjøpt",100,242
"Fiskefarse, mager fisk, rå",100,62
"Fiskekaker, Coop",100,123
"Fiskekaker, Fiskemannen",100,96
"Fiskekaker, Godehav",100,110
"Fiskekaker, kjøpt",100,110
"Fiskekaker, Lofoten",100,110
"Fiskekarbonader, Berggren",100,116
"Fiskekarbonader, Fiskemannen",100,89
"Fiskekarbonader, Godehav",100,115
"Fiskekarbonader, kjøpt",100,107
"Fiskekarbonader, laks",100,240
"Fiskekarbonader, mager fisk",100,150
"Fiskekarbonader, makrell",100,226
"Fiskekarbonader, sei",100,149
"Fiskekarbonader, sild",100,253
"Fiskepaté, laks",100,231
"Fiskepaté, mager fisk",100,146
Fiskepudding,100,72
"Fiskepudding, fløtepudding",100,102
"Gaffelbiter, sild, hermetisk",100,240
"Kaviar, av lodderogn",100,109
"Kaviar, av torskerogn",100,413
Kaviarmix,100,542
"Kryddersild, innlagt, avrent",100,224
"Laksepålegg, 70 % laks, i beger, Stabbur-Laks",100,213
"Makrellfilet, i tomat, 50 % makrell, i beger",100,177
"Makrellfilet, i tomat, 60 % makrell, hermetisk",100,241
"Makrellfilet, i tomat, 70 % makrell, hermetisk",100,253
"Rogn, torsk, presset, hermetisk",100,125
"Rognleverpostei, Svolvær-/Lofotpostei",100,408
"Seilaks, i olje, avrent",100,159
"Sild, marinert, i majones/rømme",100,309
"Sild, marinert, sennepssild",100,250
"Surimi, LobNobs",100,91
"Sild, sursild, innlagt, avrent",100,190
"Tunfisk, i gele, hermetisk",100,70
"Tunfisk, i olje, avrent, hermetisk",100,259
"Tunfisk, i olje, ikke avrent, hermetisk",100,211
"Tunfisk, i vann, avrent, hermetisk",100,105
,,
"Retter med fisk, skalldyr o.l.",,
"Akkar, innbakt, forfritert, fryst",100,212
"Akkar, innbakt, forfritert, stekt i soyaolje",100,278
"Akkar, tiarmet blekksprut, kokt",78,150
"Fiskegrateng, Coop X-tra Fiskegrateng",100,117
"Fiskegrateng, Enghav Fiskegrateng med makaroni",100,118
"Fiskegrateng, Findus Familiens fiskegrateng",100,135
"Fiskegrateng, First Price Fiskegrateng med makaroni",100,109
"Fiskegrateng, kjøpt",100,119
"Fiskegrateng, med egg og makaroni, ovnsstekt",100,160
"Fiskegrateng, med egg, ovnsstekt, kjøpt",100,115
"Fiskegrateng, med egg, ovnsstekt",100,156
"Fiskegryte, med sei, løk og paprikasaus",100,98
"Fiskegryte, med torsk og tomat",100,83
"Fiskepinner, Findus",100,180
"Fiskepinner, forfritert, stekt i fett",100,241
"Fiskepinner, forfritert, stekt i hard margarin",100,194
"Fiskepinner, forfritert, stekt i matolje",100,198
"Fiskepinner, forfritert, stekt i myk margarin",100,195
"Fiskepinner, forfritert, stekt i smør",100,240
"Fiskesuppe, med laks, fryst",100,65
"Fiskesuppe, med mager fisk",100,45
"Fiskesuppe, med mager fisk, fryst",100,124
"Fiskesuppe, med mager fisk, jevnet",100,48
"Kabaret, med fiskepudding og reker",100,47
"Reker, innbakt, forfritert, fryst",100,225
"Reker, innbakt, forfritert, stekt i soyaolje",100,291
"Rogn, torsk, hermetisk, stekt i fett",100,230
"Sashimi, kveite",100,113
"Sashimi, laks",100,224
"Sashimi, tunfisk",100,105
"Sildesalat, med potet",100,77
"Sushi, maki, kveite",100,116
"Sushi, maki, laks",100,134
"Sushi, maki, tunfisk",100,115
"Sushi, nigiri, kveite",100,114
"Sushi, nigiri, laks",100,147
"Sushi, nigiri, tunfisk",100,112
,,
"Skalldyr, fiskeinnmat",,
"Akkar, tiarmet blekksprut, rå",78,77
"Blåskjell, avrent, hermetisk",100,103
"Blåskjell, rå",51,54
"Hummer, kokt",28,66
"Kamskjell, kokt",M,102
"Kamskjell, rå",M,81
"Kongereke, rå",M,77
"Krabbe, kokt",40,108
"Krabbe, naturell, hermetisk",100,108
"Krabbepinner, crabsticks, fryst",100,103
"Kreps, kokt",12,54
"Lever, torsk, rå",M,553
"Reker, i lake, avrent",100,58
"Reker, kokt",33,100
"Rogn, torsk, hermetisk, stekt i fett",100,230
"Rogn, torsk, kokt",100,126
"Rogn, torsk, presset, hermetisk",100,125
"Rogn, torsk, rå",100,116
"Snegler, hermetisk",100,77
"Strandsnegle, norsk",16,87
"Østers, rå",10,59
,,
"Korn- og bakevarer, frø og nøtter",,
Mel,,
"Amaranth, tørr",100,367
Bokhvetemel,100,307
Byggmel,100,302
Finbakstmel,100,345
"Grovbakstmel, 40 % sammalt",100,323
Havrekli,100,361
Havremel,100,373
Hvetekim,100,330
Hvetekli,100,294
"Hvetemel, sammalt, fint/grovt",100,319
"Hvetemel, siktet",100,352
"Kakemiks, fin, glutenfri, pulver, Toro",100,348
Kikertmel,100,375
Kokosmel,100,648
"Maismel, polenta",100,305
Maisstivelse,100,355
Mandelmel,100,603
"Mel, glutenfritt, grovt, Semper",100,335
"Mel, glutenfritt, grovt, Toro",100,344
"Mel, glutenfritt, Jyttemel Original",100,344
"Mel, glutenfritt, lyst, Toro",100,360
"Mel, glutenfritt, Schär",100,335
"Potetmel, potetstivelse",100,337
"Rismel, risstivelse",100,360
"Rugmel, sammalt",100,323
"Rugmel, siktet",100,342
Soyamel,100,449
"Soyamel, mindre fett",100,370
,,
"Gryn, ris, pasta",,
"Gryn, ris, pasta, råvare",,
"Bokhvete, hele korn",100,314
"Bulgurgryn, tørr",100,288
Byggryn,100,327
"Couscous, tørr",100,321
"Havregryn, lettkokte/store",100,389
"Hirse, hele korn",100,341
"Hvete, helkorn",100,315
"Nudler av ris, tørr",100,351
"Nudler, glass, tørr",100,344
"Nudler, med egg, tørr",100,359
"Nudler, uten egg, tørr",100,343
"Pasta, fersk med kjøtt og ost, tortellini, rå",100,282
"Pasta, fersk med kjøtt, tortellini, rå",100,291
"Pasta, fersk med ost, ravioli, rå",100,321
"Pasta, fullkorn, tørr",100,362
"Pasta, glutenfri, av mais og ris, tørr, Barilla",100,353
"Pasta, glutenfri, av ris og grønnsaker, tørr, Orgran tricolore",100,339
"Pasta, glutenfri, spagetti, tørr, Semper",100,346
"Pasta, grønn, fersk, rå",100,229
"Pasta, naturell, fersk, rå",100,244
"Pasta, naturell, tørr",100,347
Perlebygg,100,289
Perlespelt,100,281
"Ris, arborio, risottoris, tørr",100,378
"Ris, grøtris, 1 times koketid, tørr",100,357
"Ris, grøtris, 5-25 min koketid, tørr",100,354
"Ris, hurtigris, 1 % salt, tørr",100,349
"Ris, hurtigris, tørr",100,359
"Ris, polert, Basmatiris, tørr",100,354
"Ris, polert, Jasminris, tørr",100,354
"Ris, polert, langkornet, tørr",100,343
"Ris, polert, parboiled, langkornet, tørr",100,347
"Ris, upolert, naturris, langkornet, tørr",100,364
"Ris, villris, rå",100,353
"Semulegryn, hvetegryn",100,339
Sorghum,100,359
,,
"Gryn, ris, pasta, tilberedt",,
"Bulgurgryn, kokt",100,131
"Byggryn, kokt",100,107
"Couscous, kokt",100,172
"Nudler av hvete, uten egg, kokt",100,187
"Nudler av ris, kokt uten salt",100,167
"Nudler, kokt, med krydder",100,190
"Pasta, fullkorn, kokt med salt",100,135
"Pasta, grønn, fersk, kokt",100,141
"Pasta, naturell, fersk, kokt",100,150
"Pasta, naturell, kokt",100,116
"Ris, Basmati, kokt",100,124
"Ris, hurtigris, 1 % salt, kokt",100,87
"Ris, hurtigris, kokt",100,122
"Ris, Jasmin, kokt",100,124
"Ris, polert, langkornet, kokt",100,116
"Ris, polert, parboiled, langkornet, kokt",100,118
"Ris, upolert, naturris, langkornet, kokt",100,124
"Ris, villris, kokt",100,122
,,
"Kornblanding, frokostkorn",,
"Corn flakes, Kelloggs",100,381
"Corn flakes, søt, Frosties",100,383
"Frokostkorn, Jippi Frokosttall",100,362
"Frokostkorn, ristet hvete og ris, Spesial K",100,374
"Frokostkorn, sjokoladesmak",100,386
"Frokostkorn, sjokoladesmak, Coco Pops Crunchers",100,380
"Frokostkorn, sjokoladesmak, Nestlé Nesquick",100,369
"Havre, ristet, med frukt, olje, Crüsli",100,444
"Havreflak, Havreflakes",100,392
"Havreputer, Havrefras",100,363
"Havreputer, Jippi Havreputer",100,403
"Havreringer, Nestlé Cheerios",100,394
"Hvetebrikker, Weetabix",100,358
"Hveteflak ristet, med hvetekli, All-bran Regular",100,336
"Hvetekli, ristet, All-Bran plus",100,349
"Kornblanding,  4-korn",100,324
"Kornblanding, med bær, Go'dag Blåbærmüsli",100,328
"Kornblanding, med frukt og nøtter, Go'dag Energimüsli",100,401
"Kornblanding, med frukt, AXA Fruktmüsli",100,376
"Kornblanding, med frukt, Go'dag Fruktmüsli",100,355
"Kornblanding, müsli med frukt, nøtter, søtet",100,365
"Kornblanding, Vita Hjertego' Flerkornsblanding med Blåbær og Tranebær",100,360
"Puffet havre, Havrenøtter",100,403
"Puffet hvete, Hvetenøtter",100,378
"Puffet hvete, med sukker og honning, Honni korn",100,381
Puffet ris,100,378
,,
"Brødvarer, hjemmebakt",,
"Brød, 1/3 sammalt mel, skummet melk, hjemmebakt",100,245
"Brød, 1/3 sammalt mel, vann, hjemmebakt",100,237
"Brød, 100 % sammalt mel, skummet melk, hjemmebakt",100,235
"Brød, 2/3 sammalt mel, skummet melk, hjemmebakt",100,243
"Brød, 2/3 sammalt mel, vann, hjemmebakt",100,228
"Brød, 25 % sammalt mel, skummet melk, hjemmebakt",100,247
"Brød, 25 % sammalt mel, vann, hjemmebakt",100,239
"Brød, 50 % sammalt mel, skummet melk, hjemmebakt",100,240
"Brød, 50 % sammalt mel, vann, hjemmebakt",100,233
"Brød, 75 % sammalt mel, skummet melk, hjemmebakt",100,242
"Brød, 75 % sammalt mel, vann, hjemmebakt",100,226
"Brød, ekstra grovt, 75 % sammalt mel, hjemmebakt",100,246
"Brød, glutenfritt, fint, med lettmelk, hjemmebakt",100,220
"Brød, glutenfritt, fint, med vann, hjemmebakt",100,207
"Brød, glutenfritt, grovt, med lettmelk, hjemmebakt",100,217
"Brød, glutenfritt, grovt, med vann, hjemmebakt",100,209
"Brød, glutenfritt, grovt, soyadrikke med kalsium, hjemmebakt",100,227
"Brød, glutenfritt, grovt, soyadrikke, hjemmebakt",100,212
"Brød, grovbakst, 40 % sammalt mel, hjemmebakt",100,241
"Chapatti, med sammalt mel",100,235
Focaccia,100,316
"Loff, skummet melk, hjemmebakt",100,276
"Loff, vann, hjemmebakt",100,262
"Pizzabunn, uten fyll",100,244
Pizzasnurrer,100,251
"Rundstykke, baguette, finbakstmel, hjemmebakt",100,265
"Rundstykke, fint, med skummet melk, hjemmebakt",100,283
"Rundstykke, fint, med vann, hjemmebakt",100,268
"Rundstykke, grovt, med skummet melk, hjemmebakt",100,271
"Rundstykke, grovt, med vann, hjemmebakt",100,256
"Rundstykke, mellomgrovt, med skummet melk, hjemmebakt",100,277
"Rundstykke, mellomgrovt, med vann, hjemmebakt",100,261
"Scones, grove, med melk",100,301
"Scones, grove, med yoghurt",100,256
,,
"Brødvarer, industribakt",,
"Baguette, fin, halvstekt, stekt",100,260
"Brød, ekstra grovt (75-100 %), karbohydratredusert, kjøpt, Fiber og frø",100,260
"Brød, ekstra grovt (75-100 %), kjøpt",100,221
"Brød, ekstra grovt (75-100 %), kjøpt, Grovbrød uten hele korn",100,226
"Brød, ekstra grovt (75-100 %), kjøpt, Grovt & Godt Grovbrød",100,212
"Brød, ekstra grovt (75-100 %), kjøpt, Grovt og godt havrebrød",100,230
"Brød, ekstra grovt (75-100 %), kjøpt, Havrebrød",100,219
"Brød, glutenfritt, Semper formbrød",100,248
"Brød, grovt (50-75 %), kjøpt",100,237
"Brød, grovt (50-75 %), kjøpt, First Price kneipp",100,246
"Brød, grovt (50-75 %), kjøpt, Istidbrød",100,232
"Brød, grovt (50-75 %), kjøpt, Josefinebrød",100,245
"Brød, grovt (50-75 %), kjøpt, Løvebrølbrød",100,246
"Brød, grovt (50-75 %), kjøpt, Norsk Fjellbrød",100,247
"Brød, grovt (50-75 %), kjøpt, Pågen kjernesunt brød",100,229
"Brød, grovt (50-75 %), kjøpt, Skibrød",100,235
"Brød, grovt (50-75 %), kjøpt, Speltbrød",100,269
"Brød, grovt (50-75 %), kjøpt, Superbrød",100,225
"Brød, halvgrovt (25-50 %), kjøpt",100,231
"Brød, halvgrovt (25-50 %), kjøpt, Jegerbrød",100,234
"Brød, halvgrovt (25-50 %), kjøpt, Kneippbrød",100,219
"Brød, halvgrovt (25-50 %), kjøpt, Odelsbrød",100,245
"Brød, halvgrovt (25-50 %), kjøpt, Yoghurtbrød",100,222
"Hamburgerbrød, fint, kjøpt",100,303
"Loff, fint brød (0-25 %), formstekt, kjøpt",100,256
"Loff, fint brød (0-25 %), halvstekt, stekt",100,259
"Loff, fint brød (0-25 %), kjøpt",100,272
"Loff, fint brød (0-25 %), spiral, kjøpt",100,264
"Pitabrød, fint, kjøpt",100,235
"Polarbrød, hvete",100,321
"Potetlompe, potetlefse, kjøpt",100,170
"Pumpernikkel, fullkornsbrød, ekstra grovt (75-100 %), kjøpt",100,204
"Pølsebrød, fint, kjøpt",100,304
"Rugbrød, fint (0-25 %), kjøpt",100,248
"Rugbrød, grovt (50-75 %), kjøpt",100,259
"Rundstykke, fint, halvstekt, kjøpt, stekt",100,273
"Rundstykke, fint, kjøpt",100,284
"Rundstykke, grovt, halvstekt, kjøpt, stekt",100,289
"Rundstykke, grovt, kjøpt",100,256
"Tortilla, burrito, hvetemel, Old El Paso",100,254
"Tortilla, maislefse",100,258
"Tortilla, wraps, hvetemel, Santa Maria",100,265
"Tortilla, wraps/burrito, hvetemel",100,260
,,
"Knekkebrød, smørbrødkjeks o.l.",,
"Flatbrød, havre, kjøpt",100,320
"Flatbrød, hjemmebakt type, kjøpt",100,343
"Flatbrød, kjøpt",100,340
"Kjeks, fet, Cream cracker",100,417
"Kjeks, grov, Kornmo",100,404
"Kjeks, Kaptein",100,372
"Kjeks, mager, usøtet, Frokost",100,387
"Kjeks, salt, fet, Ritz, Seltiner",100,466
"Kjeks, Start",100,390
"Klibrød, med hvetekli",100,312
"Knekkebrød, glutenfritt",100,380
"Knekkebrød, glutenfritt, av pulver, Toro",100,497
"Knekkebrød, havre",100,364
"Knekkebrød, havre, Sigdal helsprøtt",100,457
"Knekkebrød, lyst",100,403
"Knekkebrød, med ekstra fiber",100,349
"Knekkebrød, Mesterbakeren Original",100,475
"Knekkebrød, rug, grovt",100,338
"Knekkebrød, rug, Husman",100,319
"Knekkebrød, rug, Husman Sport",100,319
"Knekkebrød, rug, med fyll, sandwich",100,447
"Knekkebrød, rug, Ryvita",100,336
"Knekkebrød, rug, tynt, Rugsprø, Finncrisp",100,345
"Knekkebrød, Synnøve Grovkrisp sesamfrø og linfrø",100,441
"Riskaker, lettsaltet",100,380
"Riskaker, usaltet",100,380
"Skonrokk, grov",100,394
Tacoskjell,100,462
"Tacoskjell, Old El Paso",100,477
"Tacoskjell, tubs, Santa Maria",100,448
,,
"Småkaker, søt kjeks, kavring",,
Biscotti,100,449
Brune pinner,100,474
"Havremakroner, kjøpt",100,425
Hvite kakemenn,100,371
"Kavring, søt, sukkerkavring",100,459
"Kjeks, søt,  sjokoladebiter, cookies, store",100,420
"Kjeks, søt, Ballerina",100,465
"Kjeks, søt, barnekjeks",100,440
"Kjeks, søt, barnekjeks med sjokolade",100,482
"Kjeks, søt, fylt med syltetøy el. frukt",100,386
"Kjeks, søt, Gjende",100,463
"Kjeks, søt, grov, Digestive",100,470
"Kjeks, søt, havre og sjokolade",100,489
"Kjeks, søt, havre, Bixit",100,458
"Kjeks, søt, havre, SIBAS",100,455
"Kjeks, søt, havreflarn",100,485
"Kjeks, søt, kremfyll",100,480
"Kjeks, søt, Mariekjeks",100,446
"Kjeks, søt, sjokoladebiter, nøtter, cookies, små",100,491
"Kjeks, søt, vaffel, fylt",100,512
Kokosmakroner,100,458
Kransekake,100,480
Krumkaker,100,410
Marengs,100,388
Pepperkaker,100,459
Peppernøtter,100,504
Serinakaker,100,457
,,
"Søt gjærbakst, lefser, vafler o.l.",,
"Berlinerbolle, kjøpt",100,439
"Bolle, glutenfri, med lettmelk, hjemmebakt",100,281
"Bolle, med helmelk, hjemmebakt",100,342
"Bolle, med lettmelk, hjemmebakt",100,329
"Bolle, med sjokoladebiter",100,378
"Bolle, med skummet melk, hjemmebakt",100,324
"Bolle, uten rosiner, kjøpt",100,361
"Croissant, uten fyll, kjøpt",100,404
Hvetekake,100,284
Julekake,100,341
"Kanelbolle, skillingsbolle, hjemmebakt",100,351
"Kanelbolle, skillingsbolle, med sukkerstrø, kjøpt",100,292
"Kanelbolle, skillingsbolle, med vaniljekrem, melisglasur, kjøpt",100,261
"Kringle, gjærdeig, med tørket frukt",100,353
"Lefse, ferdig smurt, Vestlandslefsa",100,347
Lussekatter,100,347
"Rosinbolle, kjøpt",100,357
"Skolebrød, med melisglasur, eggekrem, kokos, kjøpt",100,326
"Tykklefse, påsmurt, kjøpt",100,410
"Tykklefse, uten fyll",100,346
"Vafler, av pulver, Toro",100,309
"Vafler, glutenfrie, av pulver, Toro",100,282
"Vafler, grove",100,226
"Vafler, med egg og helmelk",100,225
"Vafler, med egg og lettmelk, uten fett",100,197
"Vafler, med egg og skummet melk",100,211
"Vafler, med egg, lettmelk",100,218
"Vafler, med fløte/rømme, uten egg",100,274
Vørterkake,100,278
"Wienerbrød, med eggekrem",100,401
"Wienerbrød, med syltetøy, kjøpt",100,346
"Wienerkringle, med mandelfyll",100,496
"Wienerkringle, med mandelfyll",100,496
,,
Andre kaker o.l.,,
"Bløtkake, med krem, syltetøy",100,306
"Brownies, med sjokoladeglasur, kjøpt",100,421
"Cupcakes, med glasur, av pulver, smør",100,375
Daimkake,100,379
Delfiakake,100,530
"Donuts, med sjokoladeglasur, kjøpt",100,497
Eplekake,100,287
Eplepai,100,223
"Formkake, fet, dansk sandkake",100,413
"Formkake, marmor",100,368
"Formkake, med epler",100,265
"Formkake, med glasur, kjøpt",100,395
"Formkake, med mindre fett",100,326
"Formkake, uten glasur, kjøpt",100,406
"Fyrstekake, med epler",100,321
"Fyrstekake, med mandler",100,430
Gulrotkake,100,290
"Gulrotkake, med ostekrem, kjøpt",100,331
"Kakebunn, glutenfri, av pulver, Toro",100,334
Kokosbollekake,100,372
"Kvæfjordkake, Verdens beste",100,330
Marengsbunn,100,356
"Marsipankake, med syltetøy og krem",100,375
"Mazarin, kjøpt",100,436
Muffins,100,411
"Muffins, med banan",100,344
"Muffins, med banan, melisglasur",100,344
"Muffins, med blåbær",100,331
"Muffins, med blåbær, kjøpt",100,379
"Muffins, med blåbær, melisglasur",100,333
"Muffins, med kakao",100,410
"Muffins, med kakao, melisglasur",100,401
"Muffins, med melisglasur",100,402
"Muffins, med sitron",100,396
"Muffins, med sitron, melisglasur",100,389
"Muffins, med sjokoladebiter",100,423
"Muffins, med sjokoladebiter, kjøpt",100,390
"Muffins, med sjokoladebiter, melisglasur",100,413
Napoleonskake,100,306
Nøttebunn,100,407
"Nøttekake, myk",100,419
"Oreokake, av pulver, fløte og smør",100,335
"Ostekake, med kjeksbunn",100,337
"Pavlova, med kremfløte og bær",100,278
"Rullekake, med smørkrem av margarin",100,398
"Rullekake, med smørkrem, kjøpt",100,382
"Rullekake, med syltetøy",100,246
Sarah Bernhard-kake,100,467
Sirupskake,100,266
Sitronterte,100,371
"Sjokoladekake, med glasur",100,354
"Sjokoladekake, med glasur, kjøpt",100,419
"Sjokoladekake, uten glasur",100,361
Smultringer,100,473
Snickerskake,100,427
Sukkerbrød,100,293
"Sukkerbrød, med eggekrem, bær, gele",100,134
Suksessterte,100,430
Sveler,100,247
"Terte, uten fyll",100,527
"Vannbakkels, uten fyll",100,404
,,
"Nøtter, mandler og frø",,
Cashewnøtter,100,592
"Cashewnøtter, saltet",100,603
"Cashewnøtter, saltet, Den lille nøttefabrikken",100,601
"Cashewnøtter, saltet, Eldorado",100,582
"Cashewnøtter, saltet, Rema 1000",100,628
"Chiafrø, tørket",100,482
Hasselnøtter,41,670
"Kokosnøtt, rå",52,358
"Linfrø, knuste",100,513
Macadamianøtter,31,753
Mandler,100,601
"Mandler, skåldet",100,600
Paranøtter,51,680
Peanøtter,69,594
"Peanøtter, saltet",100,623
"Peanøtter, saltet, Eldorado",100,597
"Peanøtter, saltet, Maarud",100,615
"Peanøtter, saltet, Polly",100,656
Peanøttsmør,100,620
Pekannøtter,53,721
Pinjekjerner,77,665
Pistasjnøtter,53,589
"Pistasjnøtter, saltet",53,543
"Quinoa, hvit, tørr",100,330
"Quinoa, kokt",100,144
"Quinoa, rød, tørr",100,381
"Quinoa, svart, tørr",100,331
"Quinoa, tørr",100,347
"Sesamfrø, med skall",100,595
"Sesamfrø, uten skall",100,632
Solsikkefrø,100,621
"Squashfrø, gresskarfrø",100,585
Valnøtter,45,680
,,
"Poteter, grønnsaker, frukt og bær",,
Poteter,,
"Pommes frites, fryst",100,153
"Pommes frites, gatekjøkken",100,330
"Potet, hermetisk, avrent",100,57
"Potet, høstpotet, rå",82,72
"Potet, lagringspotet, kokt med skall",87,80
"Potet, lagringspotet, kokt uten skall, saltet vann",100,72
"Potet, lagringspotet, rå",82,80
"Potet, tidligpotet, med skall, Kypros, rå",100,60
"Potet, tidligpotet, rå",83,54
"Potetmos, av pulver, med melk",100,66
"Potetsalat, med ekte majones",100,325
"Potetsalat, med lettmajones (40 % fett)",100,195
"Potetsalat, med lettrømme",100,107
"Potetsalat, med seterrømme",100,142
,,
Grønnsaker,,
"Grønnsaker, rå og fryst",,
"Agurk, norsk, rå",97,10
"Alfalfaspirer, rå",100,27
"Artiskokk, rå",43,28
"Asparges, rå",53,22
"Aubergine, rå",81,20
"Babygulrot, importert, rå",100,28
"Bladsalat, norsk, rå",94,10
"Blomkål, norsk, fryst",100,22
"Blomkål, norsk, rå",74,23
"Brennesle, rå",100,43
"Brokkoli, fryst",100,27
"Brokkoli, importert, rå",86,30
"Brokkoli, norsk, rå",86,28
"Brokkoli, uspesifisert, rå",86,29
"Brønnkarse, rå",13,11
"Bønnespirer, mungbønnespirer, rå",100,41
"Chayote, rå",99,19
"Cherrytomat, importert, rå",100,17
"Chili, grønn, rå",73,33
"Chili, rød, rå",73,35
"Endivesalat, rå",86,13
"Feltsalat, rå",100,17
"Fennikel, rå",93,19
"Gresskar, rå",70,13
"Grønnkål, rå",61,36
"Gulrot, babygulrot, fryst",100,26
"Gulrot, importert, rå",89,29
"Gulrot, knaskegulrot, norsk, rå",100,25
"Gulrot, norsk, rå",89,36
"Gulrot, terninger, fryst",100,27
"Gulrot, uspesifisert, rå",89,36
"Hodekål, rå",92,32
"Hvitløk, rå",79,106
"Ingefærrot, rå",94,50
"Isbergsalat, issalat, norsk, rå",92,12
"Jalapeño, rå",92,29
"Jordskokk, rå",69,65
"Kantarell, rå",89,17
"Kassava, rå",84,159
"Kinakål, norsk, rå",92,15
"Knutekål, rå",46,23
"Kålrot, kålrabi, norsk, rå",83,35
"Lotusrot, rå",79,65
"Løk, gul/rød, norsk, rå",93,32
"Mais, fryst",100,115
"Mais, norsk, rå",56,85
"Mangold, sølvbete, rå",92,21
"Neper, norsk, rå",77,29
"Okra, rå",86,28
"Pak-choi, bok choy, kål, rå",88,18
"Paprika, grønn, rå",85,21
"Paprika, gul/oransje, rå",85,26
"Paprika, rød, rå",85,26
"Pastinakk, rå",80,65
"Pepperrot, rå",27,96
"Persillerot, norsk, rå",91,46
"Portobellosopp, rå",97,24
"Purreløk, norsk, rå",83,28
"Rabarbra, rå",75,20
"Radicchio rosso, salat, rå",91,18
"Rapidsalat, norsk, rå",94,11
"Reddik, norsk, rå",94,16
"Romanosalat, rå",94,16
"Rosenkål, fryst",100,43
"Rosenkål, norsk, rå",80,52
"Ruccolasalat, rå",100,28
"Rødbete, norsk, rå",86,49
"Rødkål, rå",80,32
"Sellerirot, norsk, rå",70,27
"Shiitakesopp, rå",100,26
"Sikorisalat, rå",80,15
"Sjalottløk, rå",72,24
"Sjampinjong, norsk,  rå",89,22
"Skorsonnerot, svartrot, rå",63,73
"Spinat, fryst, rå",100,21
"Spinat, rå",70,22
"Spisskål, rå",80,18
"Squash, zucchini, rå",88,17
"Stangselleri, norsk, rå",76,15
"Steinsopp, rå",100,30
"Søtpotet, rå",72,80
"Tomat, importert, rå",100,12
"Tomat, norsk, rå",100,18
"Tomat, uspesifisert, rå",100,18
"Traktkantarell, rå",100,24
"Vannkastanje, rå",73,52
"Vårløk, rå",96,23
"Wasabirot, rå",77,103
"Yams, rå",86,111
"Østerssopp, rå",89,26
,,
"Grønnsaker, tilberedt",,
"Blomkål, kokt",74,23
"Brokkoli, kokt",86,30
"Gulrot, kokt",86,36
"Hodekål, kokt",91,32
"Kålrot, kokt",83,35
"Løk, kokt",93,32
"Paprika, grønn, kokt",83,20
"Paprika, rød, kokt",89,29
"Persillerot, kokt",91,46
"Purre, kokt",83,28
"Søtpotet, med skall, kokt uten salt",100,85
"Tomat, kokt",100,18
,,
Grønnsaksprodukter,,
"Agurker, syltede",100,37
Agurksalat,100,24
"Asparges, hermetisk, avrent",100,24
"Babymais, minimais, hermetisk",100,26
"Bambusskudd, hermetisk",100,14
"Blomkål, bønner, erter, gulrot, fryst",100,42
"Blomkål, erter, gulrot, fryst",100,42
"Erter, gulrot, fryst",100,54
"Erter, gulrot, mais, fryst",100,64
Fløtegratinerte poteter,100,149
Guacamole,100,156
"Ingefær, syltet",60,30
"Kapers, hermetisk",100,25
"Kastanjer, ristede",63,184
"Ketchup, tomatketchup",100,107
"Kålrotstappe, kålrabistappe",100,72
"Løk, sprøstekt",100,537
"Mais, hermetisk",100,85
"Nori, tørket tang",100,255
"Oliven, grønne, med paprikafyll",100,130
"Oliven, grønne, pickles",80,151
"Oliven, sorte, i olje, hermetisk",80,348
"Rødbeter, syltede",100,59
"Sjampinjong, hermetisk, avrent",100,23
"Surkål, kjøpt",100,29
Tacosaus,100,27
"Tacosaus, medium, Old El Paso",100,27
"Tacosaus, medium, Santa Maria",100,28
"Tomat, hakket, tetrapak",100,24
"Tomat, hermetisk",100,20
"Tomater, soltørkede, innlagte i olje, avrent",100,193
"Tomater, soltørkede, tørr",100,280
Tomatjuice,100,18
Tomatpuré,100,108
"Tomatpuré, hermetisk",100,84
Tzatziki,100,49
"Vannkastanjer, hermetiske",63,38
"Vannkastanjer, hermetiske",63,38
"Wokblanding, klassisk",100,36
"Wokblanding, klassisk",100,34
"Wokblanding, type indisk",100,60
"Wokblanding, type kinesisk",100,29
"Wokblanding, type thai",100,52
,,
Belgfrukter,,
"Adzukibønner, tørr",100,310
"Aspargesbønner, fryst",100,28
"Aspargesbønner, rå",100,27
"Bondebønner, hestebønner, tørr",100,316
"Borlottibønner, tørr",100,324
"Brune bønner, kokt",100,125
"Brune bønner, tørre",100,313
"Edamamebønner, soyabønner, fryst",100,130
"Erter, fryst",100,68
"Erter, grønne, hermetisk, avrent",100,64
"Erter, tørre",100,334
"Hvite bønner, store, hermetiske",100,98
"Hvite bønner, tørre",100,312
"Kidneybønner, røde, hermetiske",100,106
"Kikerter, hermetiske",100,124
"Kikerter, tørre",100,341
"Limabønner, smørbønner, tørr",100,307
"Linser, grønne og brune, kokte med salt",100,120
"Linser, grønne og brune, tørre",100,307
"Linser, grønne, hermetiske",100,92
"Linser, røde, hermetiske",100,90
"Linser, røde/rosa, tørr",100,346
"Meterbønner, rå",95,45
"Mungbønner, tørre",100,295
"Røde bønner, tørre",100,294
"Soyabønner, tørre",100,383
"Sukkererter, norsk, rå",94,42
"Svarte bønner, hermetiske",100,106
"Svartøyebønner, tørr",100,324
"Tomatbønner, hvite bønner, i tomatsaus, hermetisk",100,93
,,
Frukt og bær,,
"Frukt og bær, rå/fersk",,
"Ananas, rå",51,51
"Appelsin, rå",78,37
"Aprikos, rå",93,52
"Aronia, svartsurbær, rå",100,50
"Avocado, rå",74,191
"Banan, rå",66,83
"Bjørnebær, rå",100,40
"Blokkebær, mikkelsbær, rå",100,63
"Blåbær, amerikanske, rå",100,60
"Blåbær, rå",100,51
"Bringebær, rå",100,29
"Carambola, stjernefrukt, rå",97,36
"Cherimoya, rå",69,70
"Drue, blå, rå",96,53
"Drue, grønn, rå",96,70
"Drue, uspesifisert, rå",96,62
"Eple, Granny Smith, Golden Delicious, rå",90,43
"Eple, importert, rå",90,49
"Eple, Ingrid Marie, rå",91,49
"Eple, norsk, uspesifisert, rå",91,47
"Eple, Rød aroma, rå",91,50
"Eple, uspesifisert, rå",90,49
"Fersken, rå",96,42
"Galiamelon, rå",65,26
"Granateple, rå",66,80
"Grapefrukt, rå",50,34
"Guava, rå",88,39
"Honningmelon, rå",46,37
"Hyllebær, rå",83,47
"Jackfrukt, rå",28,97
"Jordbær, rå",98,34
"Kaktusfiken, rå",75,49
"Kantaloupemelon, rå",51,38
"Kirsebær, rå",86,41
"Kiwi, rå",74,50
"Klementin, rå",77,45
"Kokebanan, melbanan, plantain, rå",65,131
"Krekling, krøkebær, rå",100,38
"Kumquat, rå",93,66
"Lime, rå",74,17
"Litchi, rå",60,71
"Mango, rå",71,49
"Molter, rå",100,46
"Moreller, rå",89,52
"Nashi, asiatisk pære, rå",91,39
"Nektarin, rå",91,48
"Nype, rå",65,53
"Papaya, rå",62,47
"Paradisepler, rå",92,31
"Pasjonsfrukt, rå",61,44
"Physalis, rå",94,64
"Plomme, rå",94,44
"Pomelo, rå",61,33
"Pære, importert, rå",90,44
"Pære, norsk, rå",90,43
"Pære, uspesifisert, rå",90,44
"Rambutan, rå",M,75
"Rips, rå",100,53
"Rognebær, rå",100,40
"Sharon, kakifrukt, rå",84,65
"Sitron, rå",53,23
"Solbær, rå",100,55
"Stikkelsbær, rå",98,37
"Tamarind, rå",34,256
"Tindved, havtorn, rå",M,85
"Tranebær, rå",98,28
"Tyttebær, rå",100,44
"Vannmelon, rå",46,35
,,
Produkter av frukt og bær,,
"Ananas, hermetisk, med egen saft",100,51
"Ananas, hermetisk, med sukkerlake",100,69
"Appelsinskall, rå",100,87
"Aprikos, hermetisk, med sukkerlake",100,70
"Aprikos, tørket",100,181
"Daddel, tørket",84,299
"Eple, hermetisk",100,69
"Eple, tørket",100,272
"Fersken, hermetisk, med egen saft",100,43
"Fersken, hermetisk, med sukkerlake",100,60
"Fiken, tørket",96,253
"Fruktcocktail, hermetisk, med egen saft",100,50
"Fruktcocktail, hermetisk, med sukkerlake",100,63
"Jordbær,  250 g sukker pr. kg bær, fryst",100,115
"Jordbær, 100 g sukker pr. kg bær, fryst",100,76
"Kompott, av frukt og bær",100,110
"Marmelade, 25 % appelsin, 65 % sukker",100,276
"Molter, 250 g sukker pr. kg bær, fryst",100,127
"Papaya, tørket",100,259
"Plomme, hermetisk, med sukkerlake",100,92
"Pære, hermetisk, med egen saft",100,38
"Pære, hermetisk, med sukkerlake",100,56
Rosiner,100,277
Sitronskall,100,51
Svisker,87,168
"Syltetøy, 40 % bær, 40 % sukker",100,174
"Syltetøy, 45 % bær, 25 % sukker",100,130
"Syltetøy, 60 % bær, 30 % sukker",100,142
"Syltetøy, 60 % bær, uten tilsatt sukker",100,22
"Tyttebær, 500 g sukker pr.kg bær, fryst",100,170
,,
Urter og krydder,,
Anisfrø,100,384
"Basilikum, rå",64,21
"Basilikum, tørket",100,244
Chilipulver,100,311
"Dill, rå",90,48
"Estragon, tørket",100,342
"Gressløk, rå",100,26
"Gurkemeie, malt",100,291
Hvitløkspulver,100,346
"Ingefær, malt",100,342
"Kanel, malt",100,246
"Kardemomme, malt",100,321
"Karri, malt",100,301
"Karve, kummin, hel",100,334
"Koriander, rå",85,24
"Koriander, tørket",100,317
Korianderfrø,100,345
"Laurbærblad, tørket",100,353
"Merian, tørket",100,276
"Muskat, malt",100,506
"Nellik, malt",100,335
"Oregano, tørket",100,246
Paprikapulver,100,315
"Pepper, cayenne, rød",100,375
"Pepper, hvit",100,283
"Pepper, sort",100,277
"Persille, norsk, rå",66,32
"Persille, tørket",100,305
"Rosmarin, rå",65,120
"Rosmarin, tørket",100,427
"Safran, tørket",100,352
Sennepsfrø,100,518
"Timian, rå",68,107
"Timian, tørket",100,285
Valmuefrø,100,497
,,
Sukker og søte produkter,,
"Sukker, honning og søte pålegg",,
Honning,100,317
Melis,100,400
"Melkepålegg, med sukker, Hapå",100,308
"Nøttepålegg, med mindre sukker, Nugatti",100,489
"Nøttepålegg, Nugatti",100,525
Sirup,100,297
"Sjokoladepålegg, med mindre sukker, Sjokade",100,390
"Sjokoladepålegg, Sjokade",100,414
"Sukker, brunt",100,376
"Sukker, hvitt",100,400
Vaniljesukker,100,364
,,
Sjokolade og andre søtsaker,,
"Geléfrukt, Seigmenn",100,292
Karamell,100,376
"Karamell, med sjokoladetrekk",100,455
Kokosbolle,100,376
"Lakris, søt",100,330
Lakriskonfekt,100,387
"Marsipan, 30 % mandler",100,444
"Marsipan, 50 % mandler",100,508
"Marsipanbrød, med sjokoladetrekk",100,514
Pastiller,100,257
"Pastiller, uten sukker",100,48
"Sjokolade, fylt, konfekt",100,487
"Sjokolade, hvit",100,544
"Sjokolade, kokesjokolade, lys",100,527
"Sjokolade, kokesjokolade, mørk",100,511
"Sjokolade, Mars",100,423
"Sjokolade, med gelé og marsipan, Troika",100,445
"Sjokolade, med kjeks",100,528
"Sjokolade, med kokosfyll, Bounty",100,478
"Sjokolade, med mandelkrokan, Daim",100,540
"Sjokolade, med mintfyll, After Eight",100,404
"Sjokolade, med nøtter",100,470
"Sjokolade, melkesjokolade",100,541
"Sjokolade, melkesjokolade, porøs",100,521
"Sjokolade, Milky Way",100,465
"Sjokolade, mørk, 70 % kakao",100,584
"Sjokolade, småsjokolader",100,458
"Sjokolade, Snickers",100,498
"Sjokoladepulver, uten melk",100,385
"Skumgodt, Ahlgrens biler",100,363
"Skumgodt, marshmallows",100,263
"Smågodt, blandet, uten sjokolade",100,369
"Smågodt, salte",100,286
"Sukkertøy, drops",100,324
"Tyggegummi, med sukker",100,326
,,
"Margarin, smør, matolje o.l.",,
Margarin og smør,,
Brelett,100,388
Bremykt,100,742
"Bremykt, flytende",100,732
Ghee,100,879
"Ghee, vegetabilsk",100,898
"Margarin, bordmargarin, 60 % fett",100,544
"Margarin, bordmargarin, 80 % fett",100,724
"Margarin, hard",100,722
"Margarin, Melange",100,722
"Margarin, Melange, flytende",100,723
"Margarin, Melange, uten salt og melk, folie",100,720
"Margarin, myk",100,632
"Margarin, Soft ekstra, beger",100,634
"Margarin, Soft Flora lett",100,364
"Margarin, Soft Flora, folie",100,724
"Margarin, Soft Flora, original",100,632
"Margarin, Soft Spesial, redusert saltinnhold",100,720
"Margarin, stekemargarin",100,769
"Margarin, Vita Hjertego´",100,632
"Margarin, Vita Hjertego´ lett",100,364
"Margarin, Vita Hjertego´, flytende",100,767
"Margarin, Vita Pro aktiv",100,317
"Matfett, Flott",100,900
"Matlagingsfett, uspesifisert",100,771
Smør,100,742
"Smør, meierismør, ekstra salt, Kviteseidsmør",100,733
"Smør, usaltet",100,751
,,
"Matolje, frityrfett o.l.",,
Frityrolje,100,891
Hvetekimolje,100,900
Kokosfett,100,900
Kokosnøttolje,100,899
Linfrøolje,100,900
Maisolje,100,892
Olivenolje,100,892
"Olivenolje, extra virgin, jomfruolje",100,889
Palmeolje,100,900
Peanøttolje,100,892
"Raps- og solsikkeolje, Melange",100,900
Rapsolje,100,892
"Rapsolje, kaldpresset, Odelia",100,900
Sesamolje,100,898
Solsikkeolje,100,883
Soyaolje,100,900
Valnøttolje,100,899
Vita Hjertego´ olje,100,900
,,
"Majones, dressing o.l.",,
Aioli,100,728
"Crabsticksalat, majonessalat, 25 % fett",100,250
"Dressing, majonestype, 15 % fett",100,185
"Dressing, majonestype, 30 % fett",100,295
"Dressing, majonestype, 40 % fett",100,406
"Dressing, majonestype, 55 % fett",100,518
"Eggesalat, majonessalat, 37 % fett",100,365
"Frokostsalat, majonessalat, med ostemasse",100,442
"Italiensk salat, majonessalat, 37 % fett",100,360
"Majones, ekstra lett, 25 % fett",100,257
"Majones, ekte",100,728
"Majones, lett, 40 % fett",100,394
"Majones, lett, 50 % fett",100,465
"Rekesalat, majonessalat, 35 % fett",100,359
Remulade,100,617
"Rødbetsalat, majonessalat, 30 % fett",100,317
"Salatdressing, olje og eddik, fransk dressing",100,414
"Salatdressing, uten fett",100,61
Sennepssaus,100,441
Waldorfsalat,100,242
,,
Tran,,
"Tran, Møllers",100,900
"Tran, Møllers Dobbel, kapsler",100,675
"Tran, Nycoplus Apotekets tran",100,900
,,
Drikke,,
"Vann, kaffe, te",,
Café au lait,100,31
"Caffe latte, enkel, med helmelk",100,58
"Caffe latte, enkel, med lettmelk",100,41
Caffe mocca,100,91
"Cappucino, enkel, med helmelk",100,53
"Cappucino, enkel, med lettmelk",100,38
"Cortado, enkel",100,32
"Espresso, enkel",100,9
"Kaffe, pulver, tilberedt",100,0
"Kaffe, traktet, kokt",100,1
"Macchiato, enkel",100,11
"Mineralvann, med kullsyre, Bonaqua naturell",100,0
"Mineralvann, med kullsyre, Bris naturell",100,0
"Mineralvann, med kullsyre, Farris naturell",100,0
"Mineralvann, med kullsyre, Olden",100,0
"Mineralvann, uten kullsyre, Bonaqua naturell",100,0
"Mineralvann, uten kullsyre, Olden",100,0
"Te, grønn, tilberedt",100,0
"Te, svart, tilberedt",100,0
"Vann, drikkevann",100,0
,,
"Juice, saft, brus o.l.",,
Ananasjuice,100,50
Appelsinjuice,100,43
"Appelsinsaft, drikkeklar",100,34
"Appelsinsaft, ublandet",100,173
"Brus, Bitter lemon",100,44
"Brus, cola, kunstig søtet, lett",100,0
"Brus, cola, med sukker",100,42
"Brus, fruktjuice, kunstig søtet, lett, Solo light, Mozell light o.l.",100,4
"Brus, fruktjuice, med sukker, Solo, Mozell o.l.",100,44
"Brus, sitronsmak, kunstig søtet, lett",100,0
"Brus, sitronsmak, med sukker",100,40
"Brus, Tonic water",100,36
Druejuice,100,66
"Energidrikk, tilsatt taurin, koffein og B-vitaminer",100,49
"Energidrikk, tilsatt taurin, koffein og B-vitaminer, sukkerfri",100,3
"Eplejuice, most",100,42
Eplenektar,100,43
Grapefruktjuice,100,39
"Havredrikke, sjokoladesmak, tilsatt kalsium og vitaminer",100,42
"Havredrikke, tilsatt kalsium og vitaminer",100,46
"Husholdningssaft, drikkeklar",100,42
"Husholdningssaft, ublandet, kjøpt",100,203
"Iste, kunstig søtet, lett, Nestea",100,0
"Iste, Nestea",100,18
Kokosvann,100,18
"Leskedrikk, kunstig søtet, drikkeklar",100,4
Mandeldrikke,100,26
"Mandeldrikke, tilsatt kalsium og vitaminer",100,26
Risdrikke,100,36
"Saft, 1000 g sukker pr. l råsaft, drikkeklar",100,43
"Saft, 1000 g sukker pr. l råsaft, ublandet",100,217
"Saft, 500 g sukker pr. l råsaft, drikkeklar",100,39
"Saft, 500 g sukker pr. l råsaft, ublandet",100,156
"Sitronsaft, flaske",100,8
"Smoothie, med juice, banan og bær",100,57
"Smoothie, med yoghurt, juice, banan og bær",100,60
"Solbærsaft, 1000 g sukker pr. l råsaft, drikkeklar",100,43
"Solbærsaft, 1000 g sukker pr. l råsaft, ublandet",100,217
"Solbærsaft, 500 g sukker pr. l råsaft, drikkeklar",100,39
"Solbærsaft, 500 g sukker pr. l råsaft, ublandet",100,156
"Solbærsirup, drikkeklar",100,32
"Solbærsirup, ublandet",100,193
"Soyadrikke, tilsatt kalsium, søtet",100,44
"Soyadrikke, tilsatt kalsium, usøtet",100,41
Tranebærjuice,100,51
Tropisk juice,100,43
,,
Alkoholholdige drikkevarer,,
"Brennevin, 40 vol-% alkohol",100,244
"Brennevin, 60 vol-% alkohol",100,369
"Cider, søt, 4,5 vol-% alkohol",100,59
"Dessertvin, ekstra søt, musserende",100,76
"Gulløl, 5,7 vol-% alkohol",100,58
"Hetvin, søt, 17 vol-% alkohol",100,138
"Hetvin, tørr, 15 vol-% alkohol",100,96
"Hvitvin, halvsøt/søt, inkl musserende",100,72
"Hvitvin, halvtørr, 10 vol-% alkohol",100,72
"Hvitvin, rosé, musserende",100,104
"Hvitvin, tørr, 12 vol-% alkohol",100,69
"Lettøl, lett, 2,5 vol-% alkohol",100,25
"Likør, 17 vol-% alkohol, fløtebasert",100,303
"Likør, 35 vol-% alkohol",100,313
"Likør, søt, 21 vol-% alkohol",100,225
"Mørkt øl, Bayer og juleøl, 4,5-4,7 vol-% alkohol",100,42
"Pils, 4,7 vol-% alkohol",100,41
"Rødvin, 12 vol-% alkohol",100,74
"Rødvin, tørr",100,64
"Rødvin, uspesifisert",100,70
"Sterkvin, søt, portvin, 20 vol-% alkohol",100,151
"Sterkvin, søt, vermouth, 15 vol-% alkohol",100,130
"Sterkøl, bokkøl, 6,5 vol-% alkohol",100,63
"Vin, alkoholfri",100,17
"Vin, alkoholsvak",100,36
Vørterøl,100,38
"Øl, alkoholfritt",100,24
"Øl, redusert energiinnhold, lavkarbo",100,32
,,
"Diverse retter, produkter og ingredienser",,
"Pizza, pai, taco o.l.",,
"Kjøttkaker med ertestuing, Fjordland",100,110
"Kjøttsuppe med grønnsaker og poteter, Fjordland",100,41
"Kokt laks med urtesaus, gulrot og poteter, Fjordland",100,101
"Pai, med skinke og ost",100,281
"Pannekaker, av pulver, Toro",100,158
"Pannekaker, grove",100,152
"Pannekaker, med banan",100,159
"Pannekaker, med helmelk, stekt i hard margarin",100,203
"Pannekaker, med lettmelk, stekt i hard margarin",100,186
"Pannekaker, med lettmelk, stekt i myk margarin",100,183
"Pannekaker, med skummet melk, stekt i hard margarin",100,175
"Pannekaker, med skummet melk, stekt uten fett",100,154
"Pizza, Big One Classic",100,218
"Pizza, Big One New York Grilled Steak",100,202
"Pizza, Grandiosa kjøttdeig og løk",100,197
"Pizza, Grandiosa Original",100,198
"Pizza, kjøpt",100,220
"Pizza, med tomatsaus og ost",100,181
"Pizza, Ristorante Mozarella",100,260
"Pizza, Ristorante Speciale",100,236
"Pizza, Stenovnsbakt Tradizionale Diavola",100,227
"Pizza, Take Away Meat Lover by Big One",100,218
"Pizzafyllbasis, uten kjøtt",100,65
"Svinestek med surkål og poteter, Fjordland",100,79
"Taco med skjell/tubs, kjøttdeig, grønnsaker",100,212
"Taco med skjell/tubs, kylling, grønnsaker",100,134
"Taco med skjell/tubs, laks, grønnsaker",100,227
"Taco med tortilla, kjøttdeig, grønnsaker",100,212
"Taco med tortilla, kylling, grønnsaker",100,134
"Taco med tortilla, laks, grønnsaker",100,204
,,
Grøt,,
Fløyelsgrøt,100,129
"Havregrøt, med melk",100,78
"Havregrøt, med vann",100,39
"Risgrøt, med helmelk",100,93
"Risgrøt, med lettmelk",100,79
Rømmegrøt,100,209
Semulegrøt,100,102
,,
"Supper, saus og grytebaser",,
"Bernaisesaus, av pulver",100,221
"Betasuppe, av pulver, tilberedt",100,37
"Blomkål/brokkolisuppe, Rett i koppen",100,34
"Blomkålsuppe, av pulver",100,33
"Blomkålsuppe, hjemmelaget",100,29
"Brokkkolisuppe, protein- og energirik",100,138
"Brun saus, av blokk",100,55
"Brun saus, kjøttkakesaus, av pulver",100,34
"Brun saus, med løk, av pulver",100,39
"Dipsaus, sursøt barbequesaus",100,96
"Ertestuing, av pulver",100,134
"Ertesuppe, av pulver",100,57
"Fiskesuppe, Bergensk, av pulver",100,39
"Grytebasis, Jegergryte, uten kjøtt",100,118
"Grytebasis, med pasta, italiensk, uten kjøtt",100,63
"Grytebasis, med ris, meksikansk, uten kjøtt",100,69
"Grytebasis, orientalsk, uten kjøtt",100,57
"Grytebasis, Pasta di Napoli, uten kjøtt",100,122
"Grytebasis, Stroganoff, uten kjøtt",100,64
"Hvit saus, av pulver",100,69
"Kjøttbuljong, tilberedt",100,3
"Kyllingsuppe, protein- og energirik",100,138
"Pesto, grønn, hjemmelaget",100,632
"Pesto, grønn, kjøpt",100,520
"Sjysaus, av pulver",100,18
Soyasaus,100,84
"Tomatsuppe, av pulver",100,36
"Tomatsuppe, med krutonger, Rett i koppen",100,41
"Tomatsuppe, med makaroni, av pulver",100,43
"Viltsaus, av pulver",100,79
,,
"Dessert, iskrem og tilbehør",,
"Eggekrem, vaniljekrem",100,116
"Fromasj, av pulver",100,187
"Fruktsaus, av pulver",100,56
"Fruktsuppe, av pulver",100,49
"Gelé, av pulver",100,82
"Is, vegetabilsk fett, margarinis, 10 % fett",100,193
"Iskrem, fløte, med ekstra sjokolade",100,275
"Iskrem, fløte, med sjokoladebiter",100,241
"Iskrem, fløtebasert",100,194
"Iskrem, lettis, med mindre sukker og fett",100,140
"Iskrem, med kjeks, Krone-is med jordbær",100,268
"Iskrem, med kjeks, Krone-is med sjokolade",100,300
"Iskrem, med kjeks, Lion King Size",100,326
"Iskrem, med kjeks, sjokolade, nøtter",100,263
"Iskrem, med kjeks, syltetøy, sjokolade",100,234
"Iskrem, pinneis, Royal Mørk",100,298
"Iskrem, yoghurtis",100,173
"Kakekrem, romsmak, Piano",100,150
"Karamellpudding, Piano",100,126
Karamellsaus,100,280
Melisglasur,100,342
Moltekrem,100,272
"Nypesuppe, av pulver",100,47
"Nypesuppe, pulver",100,299
Panna cotta,100,367
"Pudding, mandelsmak, Piano",100,104
Rabarbragrøt,100,71
Riskrem,100,173
Rislunsj med jordbær,100,138
Saftis,100,71
"Saftis, Lollipop",100,120
Sjokoladefondant,100,415
Sjokoladeglasur,100,382
Sjokolademousse,100,362
"Sjokoladepudding, av pulver",100,92
"Sjokoladepudding, Piano",100,111
"Sjokoladesaus, kjøpt",100,268
"Smørkrem, med hard margarin",100,541
"Smørkrem, med smør",100,555
Sorbet,100,181
"Tilslørte bondepiker, med kavring",100,228
Trollkrem,100,129
"Vaniljekrem, med helmelk",100,115
"Vaniljekrem, Piano",100,147
"Vaniljesaus, av pulver",100,76
"Vaniljesaus, Piano",100,146
,,
Snacks,,
Baconcrisp,100,606
Chilinøtter,100,519
"Chilinøtter, Den lille nøttefabrikken",100,531
"Chilinøtter, Eldorado",100,522
"Chilinøtter, Polly",100,505
Ostepop,100,495
"Popcorn, kjøpt",100,398
"Popcorn, mikrobølgeovn",100,457
"Popcorn, poppet i soyaolje",100,453
"Popcorn, uten fett",100,367
Potetchips,100,517
"Potetchips, Kims",100,509
"Potetchips, Maarud",100,525
"Potetchips, med mindre fett",100,458
"Potetchips, stekt i peanøttolje",100,509
"Potetchips, Sørlandschips",100,471
"Potetskruer, potetringer",100,490
Saltstenger,100,380
"Tortillachips, nachochips",100,475
"Tortillachips, nachochips, Maarud Tortilla Cheese",100,491
"Tortillachips, nachochips, Santa Maria",100,459
,,
Vegetarprodukter og retter,,
"Bønnegryte, vegetarisk",100,70
"Bønnekarbonader, stekt i soyaolje",100,192
"Grønnsaksgryte, med potet",100,56
"Grønnsaksrøre, med tomat, Ratatouille",100,48
Hummus,100,193
"Salat, gresk, med fetaost, oliven",100,69
"Sesampostei/-pasta, tahini",100,626
"Sopprotein, Quorn",100,90
"Soyaburger, stekt i vegetabilsk olje",100,195
"Soyaprotein, teksturert",100,273
"Soyapølse, hermetisk",100,201
"Tofu, soyabønneprodukt",100,77
"Vegetabilsk postei, Tartex",100,253
"Vegetarisk farse, soyaprotein, fryst",100,149
,,
Diverse ingredienser,,
Bakepulver,100,172
Balsamicoeddik,100,62
Butterdeig,100,397
"Eddik, 7 %",100,4
Filodeig,100,285
Floradix,100,74
"Gelatin, plater/pulver",100,343
"Gjær, pressgjær",100,107
"Gjær, tørrgjær",100,341
Havsalt,100,0
Kakaopulver,100,379
"Karripasta, curry paste",100,269
"Kokosmasse, usøtet",100,666
Kokosmelk,100,209
"Kokosmelk, mager, hermetisk",100,72
"Kondensert melk, søtet",100,327
Mineralsalt,100,0
"Miso, fermentert soyabønnepasta",100,172
"Multi 0,65 g/stk, Nycoplus",100,6
"Multi Barn 1,1 g/stk, Nycoplus",100,84
"Multi Vitaminmikstur, Nycoplus",100,182
Natron,100,0
"Salt, bordsalt",100,0
"Salt, bordsalt, jodert, Jozo",100,0
Sanasol,100,213
Sennep,100,158
Urtesalt,100,47
"Vitaminbjørner, 2,1 g/stk, Collett",100,105
"Vitamineral, 0,55 g/stk, Vitaplex",100,35
Wonton-ark,100,281
,,
"Pulver, tørr vare",,
Buljongpulver,100,144
"Fiskesuppe, Bergensk, pulver",100,358
"Grytebasis, med ris, pulver",100,370
"Grytebasis, med spagetti, pulver",100,340
"Potetmospulver, med melk",100,344
"Sjokoladedrikk, Rett i koppen",100,65
Taco kryddermix,100,226
"Taco kryddermix, Old El Paso",100,214
"Taco kryddermix, Old El Paso",100,214
"Taco kryddermix, Santa Maria",100,238
"Taco kryddermix, Santa Maria",100,238
"Tomatsuppe, pulver",100,372
"Tomatsuppe, pulver",100,372
,,
Spedbarnsmat,,
"Barnemat, middag, pasta og oksekjøtt, fra 12 mnd",100,101
"Barnemat, middag, pasta og oksekjøtt, fra 6 mnd",100,85
"Barnemat, middag, pasta og skinke, fra 8 mnd",100,87
"Barnemat, middag, potet og fiskeboller, fra 8 mnd",100,84
"Barnemat, middag, potet og lam, fra 6 mnd",100,75
"Barnemat, middag, potet og oksekjøtt, fra 12 mnd",100,87
"Barnemat, middag, ris og kalkun/kylling, fra 12 mnd",100,86
"Flerkornsgrøt med eple og pære, fra 12 mnd, pulver, Småfolk",100,456
"Flerkornsgrøt med eple og pære, fra 12 mnd, spiseklar, Småfolk",100,105
"Fruktgrøt med eple og banan, fra 6 mnd, pulver, Småfolk",100,456
"Fruktgrøt med eple og banan, fra 6 mnd, spiseklar, Småfolk",100,105
"Fruktgrøt med pære og banan, fra 8 mnd, pulver, Nestlé",100,385
"Fruktgrøt med pære og banan, fra 8 mnd, spiseklar, Nestlé",100,88
"Fruktpuré, eple, med fersken og mango, fra 4 mnd, HiPP",100,49
"Fruktpuré, med eple og banan, fra 4 mnd, HiPP",100,55
"Fruktpuré, med eple og pære, fra 4 mnd, HiPP",100,49
"Fruktpuré, med eple, banan og jordbær, fra 6 mnd, HiPP",100,54
"Fruktpuré, med eple, fersken, blåbær og bringebær, fra 6 mnd, HiPP",100,49
"Fruktpuré, med eple, jordbær, banan og blåbær, fra 6 mnd, HiPP",100,50
"Fruktpuré, med fersken, mango og eple, fra 4 mnd, HiPP",100,55
"Fruktsmoothie, med eple, jordbær og banan, fra 6 mnd, Nestlé",100,60
"Fullkornsgrøt med eksotiske frukter og müsli, fra 12 mnd, pulver, Nestlé",100,390
"Fullkornsgrøt med eksotiske frukter og müsli, fra 12 mnd, spiseklar, Nestlé",100,66
"Fullkornsgrøt med pære, eple og bringebær, fra 8 mnd, pulver, Småfolk",100,452
"Fullkornsgrøt med pære, eple og bringebær, fra 8 mnd, spiseklar, Småfolk",100,104
"God natt havregrøt naturell, fra 6 mnd, pulver, Nestlé",100,417
"God natt havregrøt naturell, fra 6 mnd, spiseklar, Nestlé",100,96
"Grøt, med ris, mais og banan, fra 4 mnd, pulver, Nestlé",100,385
"Grøt, med ris, mais og banan, fra 4 mnd, spiseklar, Nestlé",100,88
"Havregrøt med banan og bringebær, fra 6 mnd, pulver, Nestlé",100,392
"Havregrøt med banan og bringebær, fra 6 mnd, spiseklar, Nestlé",100,90
"Havregrøt med banan og mango, fra 8 mnd, pulver, Nestlé",100,397
"Havregrøt med banan og mango, fra 8 mnd, spiseklar, Nestlé",100,91
"Hirsegrøt med eple og pære, fra 6 mnd, pulver, Holle",100,377
"Hirsegrøt med eple og pære, fra 6 mnd, spiseklar, Holle",100,41
"Kveldsgrøt, med ris, pasta og gulrot, fra 6 mnd, pulver, Semper",100,398
"Kveldsgrøt, med ris, pasta og gulrot, fra 6 mnd, spiseklar, Semper",100,91
Morsmelk,100,71
"Morsmelkerstatning, fra fødsel, drikkeklar",100,65
"Morsmelkerstatning, fra fødsel, pulver",100,519
"Sinlac spesialgrøt, pulver, Nestlé",100,380
"Sinlac spesialgrøt, spiseklar, Nestlé",100,87
"Tilskuddsblanding, fra 6 mnd, drikkeklar",100,68
"Tilskuddsblanding, fra 6 mnd, pulver",100,519